{
  "model": "xlm-roberta-base",
  "zero_shot": {
    "hindi": 0.8484848484848485,
    "telugu": 0.797979797979798,
    "tamil": 0.7373737373737373
  },
  "few_shot": {
    "hindi": {
      "sample_sizes": [
        10,
        25,
        50,
        75
      ],
      "accuracies": [
        0.7415730337078652,
        0.8,
        0.7551020408163265,
        0.88
      ],
      "f1_scores": [
        0.729939227932966,
        0.7974105376730803,
        0.7520098948670377,
        0.8796135265700482
      ],
      "improvements": [
        -10.691181477698331,
        -4.848484848484846,
        -9.338280766852202,
        3.1515151515151496
      ]
    }
  }
}