{
  "model": "xlm-roberta-base",
  "english_validation": {
    "accuracy": 0.894,
    "f1": 0.8939541485765551
  },
  "zero_shot": {
    "hindi": {
      "accuracy": 0.8484848484848485,
      "f1": 0.8470791827146843
    },
    "telugu": {
      "accuracy": 0.797979797979798,
      "f1": 0.7935495303916356
    },
    "tamil": {
      "accuracy": 0.7373737373737373,
      "f1": 0.7230414585893447
    }
  }
}